1,Shoes,Brown,chictopia5
1,Shorts,Blue,chictopia5
1,Sweater,Off White,chictopia5
2,Dress,Red,chictopia5
2,Flats,Brown,chictopia5
2,Jacket,Sky Blue,chictopia5
3,Bag,Brown,chictopia5
3,Jeans,Blue,chictopia5
3,Sandles,Black,chictopia5
3,Shirt,White,chictopia5
4,Bag,Brown,chictopia5
4,Coat,Black,chictopia5
4,Jumper,Black,chictopia5
5,Boots,Gray,chictopia5
5,Coat,Black,chictopia5
5,Shirt,Ivory,chictopia5
5,Shorts,Sky Blue,chictopia5
6,Dress,Navy,chictopia5
6,Flats,Brown,chictopia5
7,Jacket,Blue,chictopia5
8,Bag,White,chictopia5
8,Blouse,White,chictopia5
8,Pant,Black,chictopia5
8,Sandles,Black,chictopia5
9,Blouse,Navy,chictopia5
9,Shorts,Navy,chictopia5
9,Sneaker,Navy,chictopia5
10,Bag,Black,chictopia5
10,Boots,White,chictopia5
10,Shirt,White,chictopia5
10,Shorts,Black,chictopia5
11,Clog,Black,chictopia5
11,Dress,Black,chictopia5
12,Boots,Black,chictopia5
12,Hat,Orange,chictopia5
12,Necklace,Silver,chictopia5
12,Shorts,Sky Blue,chictopia5
12,T-Shirt,White,chictopia5
13,Jumper,Black,chictopia5
13,Necklace,Eggshell,chictopia5
13,Sandles,Black,chictopia5
14,Sandles,Black,chictopia5
14,Shorts,Black,chictopia5
14,T-Shirt,White,chictopia5
14,Vest,Black,chictopia5
15,Sandles,Black,chictopia5
15,Shorts,Black,chictopia5
15,Top,Off White,chictopia5
16,Dress,White,chictopia5
16,Necklace,Silver,chictopia5
16,Wedge,Black,chictopia5
17,Dress,Black,chictopia5
17,Shirt,Navy,chictopia5
18,Bag,Gray,chictopia5
18,Boots,Black,chictopia5
18,Dress,White,chictopia5
19,Blazer,Navy,chictopia5
19,Hat,Camel,chictopia5
19,Shorts,Black,chictopia5
19,Sneaker,Navy,chictopia5
20,Bag,Brown,chictopia5
20,Jeans,Black,chictopia5
20,Shirt,White,chictopia5
21,Blouse,White,chictopia5
21,Hat,Camel,chictopia5
21,Jeans,Gray,chictopia5
22,Hat,Green,chictopia5
22,Jeans,Black,chictopia5
22,Sweater,Black,chictopia5
36,Jumper,Sky Blue,chictopia7
36,Sneaker,White,chictopia7
36,Sunglasses,Silver,chictopia7
36,Coat,Pink,chictopia7
36,Heels,Black,chictopia7
36,Pant,Black,chictopia7
36,Top,Black,chictopia7
37,Flats,Black,chictopia7
37,Jacket,Black,chictopia7
37,Jeans,Black,chictopia7
37,Sweater,White,chictopia7
37,T-shirt,Gray,chictopia7
38,Pant,Black,chictopia7
38,Sweater,White,chictopia7
38,Wedge,Black,chictopia7
38,Bag,Black,chictopia7
38,Loafer,Black,chictopia7
38,Shirt,Red,chictopia7
38,Skirt,Black,chictopia7
39,Jacket,White,chictopia7
39,Pant,White,chictopia7
39,T-shirt,White,chictopia7
39,Wedge,Black,chictopia7
40,Boots,Black,chictopia7
40,Hat,Black,chictopia7
40,Jacket,Black,chictopia7
40,Pant,Black,chictopia7
40,Shirt,White,chictopia7
41,Bag,Black,chictopia7
41,Pant,Yellow,chictopia7
41,Top,White,chictopia7
41,Wedge,Black,chictopia7
42,Coat,Black,chictopia7
42,Flats,White,chictopia7
42,Jeans,Black,chictopia7
42,Top,White,chictopia7
43,Pant,Black,chictopia7
43,Sunglasses,Black,chictopia7
43,Vest,Black,chictopia7
43,Wedge,Black,chictopia7
43,Heels,Silver,chictopia7
43,Jeans,Sky Blue,chictopia7
43,Shirt,Sky Blue,chictopia7
43,Sweater,White,chictopia7
44,Hat,Black,chictopia7
44,Heels,Black,chictopia7
44,Pant,Purple,chictopia7
44,Shirt,Purple,chictopia7
45,Heels,Black,chictopia7
45,Jacket,Black,chictopia7
45,Jeans,Black,chictopia7
45,Sunglasses,Black,chictopia7
46,Hat,Black,chictopia7
46,Jeans,Blue,chictopia7
46,Sandal,Black,chictopia7
47,Jacket,Blue,chictopia7
47,Loafer,White,chictopia7
47,Skirt,Navy,chictopia7
47,Top,White,chictopia7
48,Bag,Black,chictopia7
48,Cardigan,Off White,chictopia7
48,Romper,Black,chictopia7
48,Sandal,Black,chictopia7
49,Flats,Silver,chictopia7
49,Hat,Beige,chictopia7
49,Shorts,White,chictopia7
49,Top,White,chictopia7
50,Skirt,White,chictopia7
50,Sneaker,Black,chictopia7
50,Top,White,chictopia7
50,Vest,Black,chictopia7
51,Bag,Camel,chictopia7
51,Sandal,Black,chictopia7
51,Shirt,Black,chictopia7
51,Shorts,Black,chictopia7
52,Boots,Black,chictopia7
52,Pant,Gray,chictopia7
52,Top,Navy,chictopia7
53,Bag,Black,chictopia7
53,Sandal,Black,chictopia7
53,Skirt,Black,chictopia7
53,Top,White,chictopia7
54,Pant,White,chictopia7
54,Sandal,Black,chictopia7
54,Sunglasses,Black,chictopia7
54,Top,White,chictopia7
55,Bag,Navy,chictopia7
55,Shorts,Silver,chictopia7
55,Sneaker,White,chictopia7
55,Top,White,chictopia7
56,Sandal,Black,chictopia7
56,Skirt,Black,chictopia7
56,Top,Black,chictopia7
56,Vest,Black,chictopia7
57,Bag,Black,chictopia7
57,Blazer,Black,chictopia7
57,Heels,Black,chictopia7
57,Shorts,Pink,chictopia7
57,Top,Black,chictopia7
58,Hat,Black,chictopia7
58,Jeans,White,chictopia7
58,Sandal,Black,chictopia7
58,Vest,Black,chictopia7
59,Sandal,Black,chictopia7
59,Shirt,White,chictopia7
59,Shorts,Silver,chictopia7
59,Vest,Black,chictopia7
60,Bag,Tan,chictopia7
60,Boots,Brown,chictopia7
60,Jeans,Blue,chictopia7
60,Shirt,White,chictopia7
61,Bag,Navy,chictopia7
61,Jumper,Navy,chictopia7
61,Sneaker,Navy,chictopia7
61,Watch,Black,chictopia7
62,Bag,Tan,chictopia7
62,Flats,White,chictopia7
62,Jeans,Blue,chictopia7
62,Shirt,White,chictopia7
63,Bag,Black,chictopia7
63,Flats,Tan,chictopia7
63,Pant,Black,chictopia7
63,Shirt,Black,chictopia7
63,Top,Black,chictopia7
64,Boots,Black,chictopia7
64,Coat,Gray,chictopia7
64,Jeans,Black,chictopia7
64,Scarf,Gray,chictopia7
64,Shirt,Black,chictopia7
65,Heels,Black,chictopia7
65,Pant,Teal,chictopia7
65,Shirt,White,chictopia7
65,Sweater,Teal,chictopia7
66,Boots,Black,chictopia7
66,Scarf,Gray,chictopia7
66,Skirt,Black,chictopia7
66,Sweater,Black,chictopia7
66,Vest,Silver,chictopia7
67,Boots,Black,chictopia7
67,Pant,Black,chictopia7
67,Top,Black,chictopia7
67,Watch,Black,chictopia7
68,Bag,Black,chictopia7
68,Boots,Black,chictopia7
68,Skirt,Black,chictopia7
68,Sweater,Silver,chictopia7
69,Bag,Black,chictopia7
69,Bracelet,Black,chictopia7
69,Flats,Black,chictopia7
69,Hat,Brick Red,chictopia7
69,Pant,Black,chictopia7
70,Boots,Black,chictopia7
70,Top,Black,chictopia7
70,Vest,White,chictopia7
71,Boots,Black,chictopia7
71,Jeans,Blue,chictopia7
71,Vest,White,chictopia7
72,Bag,Black,chictopia7
72,Hat,Black,chictopia7
72,Sneaker,White,chictopia7
73,Loafer,Black,chictopia7
73,Skirt,Black,chictopia7
73,T-shirt,Black,chictopia7
74,Blouse,Purple,chictopia7
74,Flats,Eggshell,chictopia7
74,Jeans,Purple,chictopia7
74,Sweater,Ivory,chictopia7
75,Bag,Camel,chictopia7
75,Boots,Black,chictopia7
75,Cape,Black,chictopia7
75,Hat,Maroon,chictopia7
76,Bag,Black,chictopia7
76,Loafer,Black,chictopia7
76,Pant,Black,chictopia7
76,Sweater,Red,chictopia7
77,Bag,Black,chictopia7
77,Boots,Brown,chictopia7
77,Jacket,Ruby Red,chictopia7
77,Jacket,Blue,chictopia7
77,Jeans,Black,chictopia7
78,Boots,Black,chictopia7
78,Jacket,Crimson,chictopia7
78,Shirt,Dark Green,chictopia7
78,Skirt,Black,chictopia7
79,Bag,Bronze,chictopia7
79,Coat,Crimson,chictopia7
79,Pant,Black,chictopia7
79,Shoes,Black,chictopia7
80,Coat,Bubble Gum,chictopia7
80,Jeans,Black,chictopia7
80,Loafer,Black,chictopia7
81,Blazer,Black,chictopia7
81,Loafer,Black,chictopia7
81,Skirt,Black,chictopia7
81,Top,Black,chictopia7
82,Blazer,White,chictopia7
82,Jeans,Blue,chictopia7
82,Loafer,Black,chictopia7
82,Sweater,Black,chictopia7
83,Hat,Black,chictopia7
83,Jacket,Black,chictopia7
83,Loafer,Black,chictopia7
83,Pant,Green,chictopia7
83,Scarf,Black,chictopia7
84,Blouse,Purple,chictopia7
84,Coat,Gray,chictopia7
84,Flats,Black,chictopia7
84,Pant,Black,chictopia7
84,Sweater,Purple,chictopia7
85,Loafer,Black,chictopia7
85,Skirt,Brick Red,chictopia7
85,Top,Navy,chictopia7
86,Bag,Black,chictopia7
86,Coat,White,chictopia7
86,Pant,Black,chictopia7
86,Sweater,Gray,chictopia7
87,Coat,Gray,chictopia7
87,Gloves,Army Green,chictopia7
87,Loafer,Black,chictopia7
87,Skirt,Black,chictopia7
88,Bag,Camel,chictopia7
88,Coat,Blue,chictopia7
88,Jeans,Blue,chictopia7
88,Sweater,Beige,chictopia7
89,Boots,Black,chictopia7
89,Coat,Brown,chictopia7
89,Hat,Black,chictopia7
89,Sweater,Eggshell,chictopia7
90,Hat,Black,chictopia7
90,Jeans,Black,chictopia7
90,Sneaker,Black,chictopia7
90,T-shirt,White,chictopia7
90,Vest,Eggshell,chictopia7
91,Coat,Crimson,chictopia7
91,Pant,Black,chictopia7
91,Sweater,Ruby Red,chictopia7
92,Bag,Black,chictopia7
92,Pant,Black,chictopia7
92,Top,Navy,chictopia7
93,Boots,Black,chictopia7
93,Coat,Blue,chictopia7
93,Jeans,Blue,chictopia7
93,Sweatskirt,Off White,chictopia7
94,Coat,Black,chictopia7
94,Pant,Black,chictopia7
94,Scarf,Red,chictopia7
94,Sunglasses,Gray,chictopia7
94,Sweater,Black,chictopia7
95,Bag,Black,chictopia7
95,Dress,Eggshell,chictopia7
95,Jacket,Black,chictopia7
95,Loafer,Black,chictopia7
96,Bag,Tan,chictopia7
96,Hat,Black,chictopia7
96,Loafer,Black,chictopia7
96,Pant,Tan,chictopia7
96,Sweater,Bubble Gum,chictopia7
97,Dress,Black,chictopia7
97,Hat,Black,chictopia7
97,Jacket,Green,chictopia7
97,Watch,Black,chictopia7
117,Sweater,Black,chictopia22
117,Sandles,White,chictopia22
118,Jumper,Sky Blue,chictopia22
119,Bag,Black,chictopia22
120,Boots,Black,chictopia22
120,Jacket,Black,chictopia22
120,Shirt,White,chictopia22
121,Top,White,chictopia22
121,T-shirt,White,chictopia22
121,Shorts,Light Blue,chictopia22
121,Boots,Black,chictopia22
121,Watch,Black,chictopia22
121,Bag,Black,chictopia22
122,Top,Black,chictopia22
122,Hat,Ruby Red,chictopia22
122,Top,Maroon,chictopia22
122,Sweater,Heather Gray,chictopia22
122,Bag,Red,chictopia22
122,Necklace,Silver,chictopia22
123,Shorts,Army Green,chictopia22
123,Belt,Silver,chictopia22
123,Jeans,Gray,chictopia22
123,Skirt,Heather Gray,chictopia22
123,Shirt,White,chictopia22
123,Boots,Black,chictopia22
123,Jeans,Dark Gray,chictopia22
123,Jeans,Off White,chictopia22
123,Blouse,White,chictopia22
123,Jacket,Parka,chictopia22
123,Bag,Blue,chictopia22
123,Bag,Ruby Red,chictopia22
124,Heels,Black,chictopia22
124,Coat,Heather Gray,chictopia22
124,Sweater,Light Blue,chictopia22
124,Boots,Black,chictopia22
125,Sweater,Ivory,chictopia22
125,Sandles,White,chictopia22
125,Hat,Black,chictopia22
125,Shirt,White,chictopia22
126,Heels,Black,chictopia22
126,Bag,Black,chictopia22
126,Necklace,Silver,chictopia22
127,Bag,Black,chictopia22
127,Coat,Red,chictopia22
127,Coat,Black,chictopia22
127,Sandles,Nude,chictopia22
128,Skirt,Black,chictopia22
128,Scarf,Light Brown,chictopia22
129,Sweater,Black,chictopia22
130,Skirt,Heather Gray,chictopia22
130,Sneakers,White,chictopia22
130,Top,Black,chictopia22
131,Jeans,Dark Gray,chictopia22
131,Bag,Red,chictopia22
131,Sweater,White,chictopia22
131,Bag,Black,chictopia22
131,Top,Light Pink,chictopia22
131,Bag,Light Pink,chictopia22
132,Hat,Black,chictopia22
132,Bag,White,chictopia22
132,Bracelet,Silver,chictopia22
132,Coat,Olive Green,chictopia22
132,Shirt,Black,chictopia22
132,Skirt,Black,chictopia22
132,Top,Black,chictopia22
132,Scarf,Brown,chictopia22
132,Hat,Fedora,chictopia22
132,Boots,Black,chictopia22
133,Jeans,Gray,chictopia22
133,Jacket,Black,chictopia22
133,Boots,Black,chictopia22
134,Jeans,Ruby Red,chictopia22
134,Jacket,Black,chictopia22
134,Jacket,Black,chictopia22
134,Bag,Black,chictopia22
134,Pants,Black,chictopia22
135,Jacket,White,chictopia22
135,Wedges,Light Pink,chictopia22
135,Flats,Black,chictopia22
135,Headphones,Black,chictopia22
135,Jeans,Black,chictopia22
135,Sandles,Black,chictopia22
135,Heels,Silver,chictopia22
135,Flats,Black,chictopia22
135,Boots,Black,chictopia22
136,Skirt,White,chictopia22
136,Boots,Silver,chictopia22
136,Jeans,Charcoal Gray,chictopia22
136,Sweater,White,chictopia22
136,Heels,Black,chictopia22
136,Jeans,Black,chictopia22
137,Sandles,Black,chictopia22
138,T-shirt,White,chictopia22
138,Hat,Black,chictopia22
138,Boots,Brown,chictopia22
138,Sweater,Black,chictopia22
138,Necklace,Hot Pink,chictopia22
139,Jeans,Dark Gray,chictopia22
140,Bag,Givenchy,chictopia22
140,Hat,Black,chictopia22
140,Bag,Red,chictopia22
140,Heels,Black,chictopia22
140,Shirt,White,chictopia22
140,Jacket,Gray,chictopia22
140,T-shirt,Blue,chictopia22
140,Boots,Black,chictopia22
140,Jeans,Black,chictopia22
140,Shirt,Teal,chictopia22
140,Bracelet,Silver,chictopia22
140,Heels,Black,chictopia22
140,Bag,Black,chictopia22
140,Bag,Black,chictopia22
140,Bag,Black,chictopia22
140,Necklace,Silver,chictopia22
140,Bag,Black,chictopia22
140,Coat,Black,chictopia22
141,Shorts,White,chictopia22
141,Jacket,Black,chictopia22
141,Bag,Black,chictopia22
141,Bag,Black,chictopia22
141,Hat,Black,chictopia22
142,Blouse,Light Pink,chictopia22
142,Bag,Black,chictopia22
143,Necklace,Gold,chictopia22
143,Jacket,Black,chictopia22
144,Bag,Red,chictopia22
144,Jacket,Black,chictopia22
144,Jacket,Leather,chictopia22
144,Jeans,Gray,chictopia22
144,Heels,Black,chictopia22
145,Blouse,Black,chictopia22
145,Necklace,Silver,chictopia22
145,Jeans,Blue,chictopia22
146,Ear-rings,Silver,chictopia22
146,T-shirt,Charcoal Gray,chictopia22
146,Jacket,Black,chictopia22
146,Jeans,Black,chictopia22
147,Necklace,Silver,chictopia22
148,Blouse,Ivory,chictopia22
148,Top,Light Pink,chictopia22
149,Bag,Red,chictopia22
149,Sweater,Silver,chictopia22
150,Boots,Black,chictopia22
150,Top,Black,chictopia22
150,Blouse,White,chictopia22
150,Top,Black,chictopia22
151,Hat,Black,chictopia22
151,Jeans,White,chictopia22
152,Jacket,White,chictopia22
152,Watch,Black,chictopia22
152,Boots,Black,chictopia22
153,Bag,Black,chictopia22
153,Bag,Black,chictopia22
153,Sandles,Black,chictopia22
153,Dress,Neutral,chictopia22
154,Shirt,Blue,chictopia22
154,Bag,Black,chictopia22
154,Sandles,White,chictopia22
154,Shirt,Sky Blue,chictopia22
155,Heels,Black,chictopia22
156,Jacket,Black,chictopia22
156,Blouse,Off White,chictopia22
157,Jacket,Teal,chictopia22
158,Dress,White,chictopia22
158,Heels,Black,chictopia22
159,Skirt,Black,chictopia22
159,Jeans,Light Brown,chictopia22
159,Dress,Black,chictopia22
159,Bag,Black,chictopia22
159,Shorts,White,chictopia22
160,Jacket,Black,chictopia22
160,Bag,Red,chictopia22
160,Bag,Bronze,chictopia22
160,Bag,Black,chictopia22
160,Hat,Fedora,chictopia22
160,Shirt,White,chictopia22
160,Top,White,chictopia22
160,Top,Black,chictopia22
160,Jeans,Black,chictopia22
160,Blazer,Light Pink,chictopia22
161,Skirt,Black,chictopia22
162,Skirt,Heather Gray,chictopia22
163,Jeans,Gray,chictopia22
163,Sneakers,Black,chictopia22
164,Bag,Black,chictopia22
164,Coat,Maroon,chictopia22
164,Shorts,Black,chictopia22
164,Jeans,Charcoal Gray,chictopia22
164,Bracelet,Gold,chictopia22
164,Jacket,Black,chictopia22
164,Bag,Black,chictopia22
164,Bag,Black,chictopia22
165,Jeans,Sky Blue,chictopia22
165,Jeans,White,chictopia22
166,Bag,Red,chictopia22
167,Jeans,Gray,chictopia22
168,Heels,Black,chictopia22
168,Sweater,Beige,chictopia22
168,Bag,Light Brown,chictopia22
168,Heels,Black,chictopia22
169,Jeans,Navy,chictopia22
169,Coat,Charcoal Gray,chictopia22
169,Bracelet,Silver,chictopia22
169,Boots,Black,chictopia22
170,Bag,Black,chictopia22
171,Shorts,Black,chictopia22
171,Cardigan,Heather Gray,chictopia22
171,Boots,Black,chictopia22
171,Jeans,Skinny,chictopia22
172,Bag,Ruby Red,chictopia22
172,Boots,Black,chictopia22
172,Jacket,Red,chictopia22
172,Jeans,Black,chictopia22
172,Pants,Navy,chictopia22
172,Scarf,Black,chictopia22
173,Boots,Black,chictopia22
173,Jacket,Dark Gray,chictopia22
174,Dress,Black,chictopia22
174,Jeans,Gray,chictopia22
174,Shorts,Sky Blue,chictopia22
174,Bag,Black,chictopia22
175,Boots,Black,chictopia22
175,Bag,Black,chictopia22
175,Shirt,Ruby Red,chictopia22
175,Blouse,White,chictopia22
175,Skirt,White,chictopia22
175,Bag,Black,chictopia22
175,Shorts,White,chictopia22
176,Boots,Black,chictopia22
176,Heels,Black,chictopia22
176,Coat,Black,chictopia22
176,Jumper,Maroon,chictopia22
176,Boots,Black,chictopia22
176,Bag,Black,chictopia22
176,Bag,Black,chictopia22
176,Jacket,Sky Blue,chictopia22
176,Boots,Black,chictopia22
176,Heels,Black,chictopia22
176,Shirt,Sky Blue,chictopia22
176,Shorts,Black,chictopia22
177,Shorts,Black,chictopia22
178,Heels,Black,chictopia22
178,Top,White,chictopia22
178,Necklace,Maroon,chictopia22
178,Shirt,Red,chictopia22
178,Shirt,Charteuse,chictopia22
178,T-shirt,White,chictopia22
179,Skirt,White,chictopia22
180,Shorts,White,chictopia22
180,Jacket,Blue,chictopia22
180,Skirt,Black,chictopia22
181,Jeans,Charcoal Gray,chictopia22
181,Jacket,Charcoal Gray,chictopia22
181,Boots,Black,chictopia22
181,Boots,Black,chictopia22
181,Bracelet,Heather Gray,chictopia22
181,Jeans,Sky Blue,chictopia22
182,Necklace,Silver,chictopia22
182,Necklace,Silver,chictopia22
182,Sweater,Black,chictopia22
182,Hat,Black,chictopia22
182,Bracelet,Silver,chictopia22
182,Jacket,Dark Gray,chictopia22
182,Bag,Black,chictopia22
182,Dress,Charcoal Gray,chictopia22
183,Romper,Black,chictopia22
183,Jeans,Gray,chictopia22
184,Shirt,White,chictopia22
184,Jumper,White,chictopia22
184,Bag,Black,chictopia22
184,Coat,Gray,chictopia22
184,Jeans,Heather Gray,chictopia22
185,Bag,Black,chictopia22
185,Jumper,Heather Gray,chictopia22
186,Bag,Ruby Red,chictopia22
186,Jacket,Heather Gray,chictopia22
186,Jacket,Sky Blue,chictopia22
186,Bag,Black,chictopia22
186,Coat,Black,chictopia22
186,Top,Black,chictopia22
186,Boots,Black,chictopia22
187,Bag,Black,chictopia22
188,Boots,Black,chictopia22
189,Bag,Silver,chictopia22
189,Bag,Black,chictopia22
189,Dress,Black,chictopia22
190,Necklace,Heather Gray,chictopia22
190,Blouse,White,chictopia22
191,Jeans,Black,chictopia22
191,T-shirt,Light Yellow,chictopia22
191,Hat,Brick Red,chictopia22
192,Flats,Black,chictopia22
192,Shorts,Navy,chictopia22
192,Bag,Red,chictopia22
193,Hat,Beige,chictopia22
193,Bag,Black,chictopia22
193,Bracelet,Silver,chictopia22
193,Coat,Heather Gray,chictopia22
193,Sweater,Gold,chictopia22
193,Jacket,Army Green,chictopia22
193,Shorts,White,chictopia22
193,Shirt,Red,chictopia22
193,Bag,Red,chictopia22
194,Bag,Black,chictopia22
194,Hat,Black,chictopia22
194,Pants,,chictopia22
194,Jeans,Gray,chictopia22
194,Hat,Black,chictopia22
195,Jacket,Black,chictopia22
195,Scarf,White,chictopia22
195,Sweater,Charcoal Gray,chictopia22
196,Hat,Black,chictopia22
197,Jacket,Black,chictopia22
197,Shorts,Sky Blue,chictopia22
197,Boots,Black,chictopia22
197,Sweater,Black,chictopia22
197,Bag,Black,chictopia22
197,Dress,White,chictopia22
197,Top,Black,chictopia22
197,Jumper,Black,chictopia22
198,Cardigan,Off White,chictopia22
198,Bag,Red,chictopia22
198,Boots,,chictopia22
198,Pants,Black,chictopia22
198,Coat,Silver,chictopia22
198,Heels,Black,chictopia22
198,Pumps,Black,chictopia22
198,Skirt,Black,chictopia22
198,Sweater,Ivory,chictopia22
198,Bag,Red,chictopia22
198,Jumper,Heather Gray,chictopia22
198,Jumper,Ruby Red,chictopia22
199,Sweater,White,chictopia22
199,Heels,Black,chictopia22
200,Bag,Black,chictopia22
200,Sweater,Heather Gray,chictopia22
201,Sandles,White,chictopia22
201,Dress,Off White,chictopia22
201,Bag,Black,chictopia22
201,Boots,Black,chictopia22
201,Hat,Black,chictopia22
201,Sweater,Off White,chictopia22
201,Jacket,Black,chictopia22
201,Jeans,Black,chictopia22
202,Jacket,Charcoal Gray,chictopia22
202,Sweater,Black,chictopia22
202,Jumper,Ruby Red,chictopia22
202,Skirt,White,chictopia22
203,Shirt,Sky Blue,chictopia22
203,Jacket,Black,chictopia22
204,Top,Black,chictopia22
204,Sandles,White,chictopia22
204,Boots,Black,chictopia22
204,Scarf,Black,chictopia22
204,Skirt,Black,chictopia22
205,Heels,Black,chictopia22
205,Shorts,White,chictopia22
205,Sweater,Sky Blue,chictopia22
205,Shirt,White,chictopia22
206,Bracelet,Silver,chictopia22
207,Sweater,Brick Red,chictopia22
208,Sweater,Charcoal Gray,chictopia22
208,Shorts,Sky Blue,chictopia22
208,T-shirt,Green,chictopia22
208,Bag,Black,chictopia22
208,Shorts,Gray,chictopia22
208,Heels,,chictopia22
208,Bag,Ruby Red,chictopia22
208,Bag,Black,chictopia22
208,Shorts,Sky Blue,chictopia22
208,Flats,Black,chictopia22
208,Skirt,Black,chictopia22
208,Heels,Black,chictopia22
209,Sweater,Black,chictopia22
209,Pants,Black,chictopia22
210,Shirt,White,chictopia22
210,Coat,Charcoal Gray,chictopia22
210,Jeans,Sky Blue,chictopia22
211,Jacket,Teal,chictopia22
211,Bag,Black,chictopia22
211,Boots,Black,chictopia22
211,Sweater,Heather Gray,chictopia22
211,Bag,Black,chictopia22
211,Jumper,Ruby Red,chictopia22
212,Top,Light Yellow,chictopia22
213,Skirt,Heather Gray,chictopia22
213,Sweater,Black,chictopia22
213,Bag,Black,chictopia22
213,Bag,Black,chictopia22
213,Shorts,Black,chictopia22
213,Sunglasses,Black,chictopia22
214,Vest,Black,chictopia22
214,Bag,Black,chictopia22
214,Bag,Brown,chictopia22
214,Sweater,Black,chictopia22
215,Sweater,Black,chictopia22
215,Skirt,Yellow,chictopia22
215,Bag,Light Brown,chictopia22
216,Jeans,Light Brown,chictopia22
216,Coat,Black,chictopia22
216,Necklace,Silver,chictopia22
217,Bag,Black,chictopia22
217,Sandles,Silver,chictopia22
217,Bag,Red,chictopia22
217,Cardigan,Brick Red,chictopia22
218,Coat,Black,chictopia22
218,Skirt,Black,chictopia22
218,Sandles,Black,chictopia22
218,Romper,Black,chictopia22
218,Skirt,Black,chictopia22
218,Boots,Black,chictopia22
218,Boots,Black,chictopia22
218,Bag,Red,chictopia22
218,Coat,Heather Gray,chictopia22
219,Heels,Black,chictopia22
220,Jeans,Black,chictopia22
220,Sweater,Gray,chictopia22
220,Sandles,Black,chictopia22
221,Heels,Black,chictopia22
222,Shorts,Navy,chictopia22
222,Top,Black,chictopia22
222,Jacket,Hot Pink,chictopia22
222,Bag,Black,chictopia22
223,Sweater,White,chictopia22
224,Skirt,Black,chictopia22
224,Bracelet,Silver,chictopia22
225,Jacket,White,chictopia22
226,Sandles,Light Blue,chictopia22
226,Heels,White,chictopia22
227,Bracelet,Silver,chictopia22
227,Boots,Black,chictopia22
228,Boots,Black,chictopia22
228,Bag,Black,chictopia22
229,Necklace,Silver,chictopia22
229,Ring,Silver,chictopia22
230,Necklace,Silver,chictopia22
230,Jacket,Heather Gray,chictopia22
231,Jacket,Black,chictopia22
232,Pumps,Black,chictopia22
232,Flats,Light Pink,chictopia22
232,Jeans,Gray,chictopia22
232,Top,White,chictopia22
232,Dress,Black,chictopia22
232,Bag,Dark Brown,chictopia22
232,Boots,Black,chictopia22
232,Heels,Black,chictopia22
232,Sweater,Heather Gray,chictopia22
233,Socks,Red,chictopia23
233,T-shirt,Black,chictopia23
233,T-shirt,Sky Blue,chictopia23
234,Boots,White,chictopia23
234,Top,Army Green,chictopia23
235,Shoes,Gold,chictopia23
235,Shoes,Gray,chictopia23
235,Shoes,Brown,chictopia23
235,Flats,Black,chictopia23
235,Hat,Red,chictopia23
236,Necklace,Green,chictopia23
236,Shorts,Lime Green,chictopia23
236,Necklace,Blue,chictopia23
237,Top,Beige,chictopia23
237,Boots,Hot Pink,chictopia23
238,Skirt,Black,chictopia23
238,Cardigan,Blue,chictopia23
238,Dress,Black,chictopia23
238,Dress,Charcoal Gray,chictopia23
238,Necklace,Green,chictopia23
238,Top,Mustard,chictopia23
238,Socks,Ruby Red,chictopia23
238,Vest,Red,chictopia23
238,Dress,Black,chictopia23
239,T-shirt,Blue,chictopia23
240,Earrings,Gold,chictopia23
240,Heels,Black,chictopia23
240,Top,Studded Collar,chictopia23
240,Top,Sky Blue,chictopia23
240,Skirt,Green,chictopia23
240,Cardigan,Navy,chictopia23
240,Skirt,Purple,chictopia23
240,Boots,Black,chictopia23
240,Cardigan,Gray,chictopia23
240,Dress,Black,chictopia23
240,Top,Green,chictopia23
240,Shorts,Black,chictopia23
240,Top,White,chictopia23
240,Cardigan,Light Orange,chictopia23
240,Dress,Coral,chictopia23
240,Bag,Orange,chictopia23
240,Dress,Charcoal Gray,chictopia23
240,Bag,Blue,chictopia23
240,Jeans,Purple,chictopia23
240,Earrings,Blue,chictopia23
241,T-shirt,Olive Green,chictopia23
241,Bag,Heather Gray,chictopia23
242,Sunglasses,Bubble Gum,chictopia23
242,Dress,Blue,chictopia23
242,Sunglasses,Light Pink,chictopia23
242,Boots,White,chictopia23
242,Cardigan,Burnt Orange,chictopia23
242,Dress,Navy,chictopia23
243,Glasses,Black,chictopia23
243,Skirt,Hot Pink,chictopia23
244,Jacket,Gray,chictopia23
245,Heels,Light Brown,chictopia23
245,Shoes,Blue,chictopia23
245,Top,Ivory,chictopia23
245,Skirt,White,chictopia23
245,Sandals,White,chictopia23
245,Boots,Zippered,chictopia23
245,Dress,Black,chictopia23
245,Top,White,chictopia23
246,Hat,Black,chictopia23
247,Top,White,chictopia23
248,Necklace,Pink,chictopia23
248,Shorts,White,chictopia23
248,Socks,Silver,chictopia23
248,Boots,Crimson,chictopia23
248,Sneakers,Brick Red,chictopia23
248,Bag,Black,chictopia23
248,Boots,Brown,chictopia23
248,Glasses,Black,chictopia23
249,Necklace,Hot Pink,chictopia23
250,Boots,White,chictopia23
251,Skirt,Hot Pink,chictopia23
251,Boots,White,chictopia23
251,Bag,Reversible Cloth,chictopia23
251,Leggings,Black,chictopia23
251,Dress,Green,chictopia23
251,Boots,White,chictopia23
251,Bag,Salmon,chictopia23
251,Shoes,Black,chictopia23
251,Boots,Mens,chictopia23
251,Boots,Hot Pink,chictopia23
251,Dress,Heather Gray,chictopia23
251,Shirt,Pink,chictopia23
251,Top,Ivory,chictopia23
252,Top,Hot Pink,chictopia23
252,Dress,Light Yellow,chictopia23
252,Boots,Black,chictopia23
252,Leggings,Mustard,chictopia23
252,Boots,White,chictopia23
253,Socks,Bubble Gum,chictopia23
253,Pants,Olive Green,chictopia23
254,Jacket,Gray,chictopia23
254,Bag,Camel,chictopia23
254,Boots,Brown,chictopia23
254,Dress,Blue,chictopia23
255,Glasses,Black,chictopia23
255,Necklace,Off White,chictopia23
255,Necklace,Red,chictopia23
255,Dress,Purple,chictopia23
255,Cardigan,Navy,chictopia23
255,Tights,Silver,chictopia23
255,Bag,Black,chictopia23
255,Leggings,Navy,chictopia23
256,Sneakers,Neon,chictopia23
256,Top,White,chictopia23
256,Glasses,Black,chictopia23
256,Socks,Heather Gray,chictopia23
256,Bag,Carrot Orange,chictopia23
256,Skirt,Light Pink,chictopia23
256,Shoes,Gray,chictopia23
256,Skirt,Army Green,chictopia23
256,Necklace,Aquamarine,chictopia23
256,Necklace,Black,chictopia23
256,Shorts,Light Purple,chictopia23
256,Boots,Crimson,chictopia23
257,Dress,Blue,chictopia23
258,Boots,White,chictopia23
258,Socks,Sky Blue,chictopia23
259,Jeans,Purple,chictopia23
260,Cardigan,Light Brown,chictopia23
261,Earrings,Gold,chictopia23
261,Tights,Heather Gray,chictopia23
261,Socks,Gold,chictopia23
261,Top,Black,chictopia23
261,Top,Chiffon,chictopia23
261,Dress,Black,chictopia23
261,Sneakers,Brick Red,chictopia23
262,Tights,Ivory,chictopia23
263,Top,White,chictopia23
263,Dress,Deep Purple,chictopia23
264,Boots,Black,chictopia23
264,Jeans,Deep Purple,chictopia23
264,Skirt,Ruby Red,chictopia23
264,Jacket,Gray,chictopia23
265,Socks,Olive Green,chictopia23
265,Top,Eggshell,chictopia23
265,Glasses,Black,chictopia23
266,Glasses,Black,chictopia23
266,Shirt,Salmon,chictopia23
267,Leggings,Black,chictopia23
267,Necklace,Metal Bow,chictopia23
268,Bracelet,Silver,chictopia23
268,Dress,Charcoal Gray,chictopia23
268,Glasses,Black,chictopia23
269,Glasses,Black,chictopia23
269,Top,Yellow,chictopia23
269,Sneakers,Blue,chictopia23
269,Glasses,Black,chictopia23
269,Bag,Blue,chictopia23
269,Bag,Dark Gray,chictopia23
270,Top,Silver,chictopia23
271,Ring,Gold,chictopia23
271,Cardigan,Coral,chictopia23
271,Boots,Hot Pink,chictopia23
271,Ring,Gold,chictopia23
272,Bag,Black,chictopia23
272,Top,Navy,chictopia23
272,Socks,Purple,chictopia23
272,Boots,White,chictopia23
272,Bag,Red,chictopia23
272,Socks,Silver,chictopia23
273,Clogs,Olive Green,chictopia23
273,Cardigan,Orange,chictopia23
273,Dress,Green,chictopia23
273,Socks,Magenta,chictopia23
273,Jeans,Deep Purple,chictopia23
273,Sandals,Black,chictopia23
273,Hat,Black,chictopia23
273,Top,White,chictopia23
273,Tights,Aquamarine,chictopia23
273,Shirt,Black,chictopia23
273,Boots,Black,chictopia23
273,Top,Violet,chictopia23
274,Glasses,Black,chictopia23
274,Bag,Dark Gray,chictopia23
274,Tights,Gray,chictopia23
274,Skirt,Ruby Red,chictopia23
274,Sandals,Black,chictopia23
274,Shoes,Black,chictopia23
274,Sunglasses,Bubble Gum,chictopia23
274,Tights,Silver,chictopia23
274,Boots,Black,chictopia23
274,Bag,Tawny,chictopia23
274,Skirt,Purple,chictopia23
274,Glasses,Black,chictopia23
274,Pants,Silver,chictopia23
274,Necklace,Gold,chictopia23
274,Skirt,Purple,chictopia23
274,Dress,Navy,chictopia23
274,Top,Blue,chictopia23
274,Glasses,Black,chictopia23
274,Coat,Green,chictopia23
274,Earrings,Silver,chictopia23
274,Pants,Dark Gray,chictopia23
274,Tights,Silver,chictopia23
274,Blouse,Light Blue,chictopia23
274,Cardigan,Blue,chictopia23
275,Vest,Red,chictopia23
276,Bag,Leatherette,chictopia23
276,Boots,Dark Gray,chictopia23
276,Necklace,,chictopia23
276,Tights,Black,chictopia23
276,Boots,Black,chictopia23
276,Necklace,Hot Pink,chictopia23
276,Boots,Dark Gray,chictopia23
276,Socks,Navy,chictopia23
276,Socks,Teal,chictopia23
277,Dress,Charcoal Gray,chictopia23
277,Bag,Blue,chictopia23
277,Skirt,Blue,chictopia23
277,Cardigan,Carrot Orange,chictopia23
277,Clogs,Olive Green,chictopia23
278,Tights,Silver,chictopia23
278,Boots,Hot Pink,chictopia23
278,Boots,Hot Pink,chictopia23
278,Boots,White,chictopia23
278,Shorts,Lime Green,chictopia23
278,Boots,White,chictopia23
278,Leggings,Black,chictopia23
278,Necklace,Maroon,chictopia23
279,Skirt,Peach,chictopia23
279,Shoes,Gray,chictopia23
279,Top,Black,chictopia23
279,Dress,Blue,chictopia23
279,Loafer,Black,chictopia23
280,Skirt,Black,chictopia23
280,Leggings,Mustard,chictopia23
281,Necklace,White,chictopia23
281,Top,Carrot Orange,chictopia23
282,Socks,Navy,chictopia23
282,Dress,Charcoal Gray,chictopia23
282,Necklace,Narwahl Pendant,chictopia23
282,Cardigan,Gray,chictopia23
282,Top,Charcoal Gray,chictopia23
282,Boots,Black,chictopia23
282,Jumper,Black,chictopia23
282,Boots,Brown,chictopia23
282,Skirt,White,chictopia23
282,Shirt,White,chictopia23
282,Cardigan,Blue,chictopia23
283,Skirt,Bubble Gum,chictopia23
283,Scarf,Light Blue,chictopia23
283,Socks,Red,chictopia23
283,Sweater,Off White,chictopia23
283,Bag,Green,chictopia23
283,Boots,White,chictopia23
284,Top,Blue,chictopia23
285,Top,White,chictopia23
285,Shoes,Black,chictopia23
285,Tights,Blue,chictopia23
285,Socks,Blue,chictopia23
285,Socks,Light Pink,chictopia23
285,Sneakers,Crimson,chictopia23
285,Top,Light Pink,chictopia23
285,Intimate,Olive Green,chictopia23
285,Sweater,Eggshell,chictopia23
285,Boots,Dark Gray,chictopia23
285,Socks,Yellow,chictopia23
286,Sunglasses,Bubble Gum,chictopia23
286,Bag,Blue,chictopia23
286,Dress,Blue,chictopia23
286,Boots,White,chictopia23
286,Socks,Blue,chictopia23
286,Top,Heather Gray,chictopia23
286,Necklace,Hot Pink,chictopia23
287,Dress,Black,chictopia23
287,Pants,Brown,chictopia23
287,Tights,Blue,chictopia23
287,Scarf,Red,chictopia23
287,Tights,Periwinkle,chictopia23
287,Boots,Black,chictopia23
287,Intimate,Corset,chictopia23
287,Bag,Brown,chictopia23
287,Skirt,Maroon,chictopia23
287,Glasses,Black,chictopia23
288,Dress,Black,chictopia23
288,Skirt,Black,chictopia23
288,Boots,White,chictopia23
288,Boots,Black,chictopia23
288,Skirt,Aquamarine,chictopia23
288,Sandals,White,chictopia23
288,Earrings,Green,chictopia23
288,Pants,Navy,chictopia23
288,Shorts,Light Purple,chictopia23
288,Bag,Blue,chictopia23
288,Socks,Bubble Gum,chictopia23
288,Heels,Light Brown,chictopia23
288,Boots,Maroon,chictopia23
288,Blouse,White,chictopia23
288,Top,Silver,chictopia23
288,Socks,Silver,chictopia23
289,Dress,Black,chictopia23
289,Top,Beige,chictopia23
289,Shorts,Lime Green,chictopia23
289,Glasses,Black,chictopia23
289,Leggings,Blue,chictopia23
289,Sneakers,Maroon,chictopia23
289,Jacket,Dark Gray,chictopia23
289,Top,Black,chictopia23
289,Top,Green,chictopia23
289,Bag,Pink,chictopia23
289,Shoes,Blue,chictopia23
289,Socks,Blue,chictopia23
289,Top,Black,chictopia23
289,Socks,Olive Green,chictopia23
289,Flats,Brown,chictopia23
290,Jeans,Purple,chictopia23
290,Glasses,Black,chictopia23
291,Dress,Blue,chictopia23
292,Heels,Camel,chictopia23
292,Shorts,Gray,chictopia23
292,Scarf,Salmon,chictopia23
293,Socks,Maroon,chictopia23
293,Jacket,Gray,chictopia23
293,Boots,Black,chictopia23
293,Sneakers,Blue,chictopia23
293,Shorts,Blue,chictopia23
293,Heels,Brown,chictopia23
293,Dress,White,chictopia23
294,Socks,Deep Purple,chictopia23
294,Bag,Brown,chictopia23
294,Cardigan,Blue,chictopia23
294,Sneakers,Carrot Orange,chictopia23
294,Scarf,Blue,chictopia23
294,T-shirt,White,chictopia23
294,Bag,Sky Blue,chictopia23
295,Boots,White,chictopia23
295,Earrings,Silver,chictopia23
296,Cardigan,Orange,chictopia23
296,Shoes,Blue,chictopia23
296,Bag,Carrot Orange,chictopia23
296,Top,Green,chictopia23
297,Shirt,Pink,chictopia23
297,Shoes,Brown,chictopia23
297,Cardigan,Gray,chictopia23
298,Pants,Brown,chictopia23
299,Flats,Eggshell,chictopia23
300,Necklace,Gold,chictopia23
301,Shoes,Blue,chictopia23
301,Glasses,Black,chictopia23
302,Top,White,chictopia23
302,Bag,Black,chictopia23
302,Heels,Navy,chictopia23
302,Skirt,Green,chictopia23
302,Cardigan,Navy,chictopia23
303,Top,Black,chictopia23
303,Bag,Amethyst,chictopia23
303,Skirt,Light Pink,chictopia23
303,Top,White,chictopia23
303,Dress,Navy,chictopia23
303,Socks,Heather Gray,chictopia23
303,Dress,Black,chictopia23
303,Necklace,Hot Pink,chictopia23
303,Top,Black,chictopia23
303,Purse,Aquamarine,chictopia23
303,Shoes,Black,chictopia23
303,Cardigan,Orange,chictopia23
303,Dress,Black,chictopia23
304,Boots,Brown,chictopia23
305,Glasses,Black,chictopia23
305,Boots,Brown,chictopia23
305,Boots,Dark Gray,chictopia23
305,Sandals,Black,chictopia23
305,Blouse,Black,chictopia23
305,Skirt,Gray,chictopia23
305,Sneakers,Ruby Red,chictopia23
305,Top,White,chictopia23
305,Pants,Black,chictopia23
305,Sneakers,Orange,chictopia23
305,Necklace,Carrot Orange,chictopia23
305,Tights,Light Pink,chictopia23
305,Glasses,Black,chictopia23
305,Bag,Dark Gray,chictopia23
306,Necklace,Dark Green,chictopia23
306,Necklace,Light Pink,chictopia23
306,Boots,Black,chictopia23
306,Scarf,Blue,chictopia23
307,Top,Red,chictopia23
307,Necklace,Green,chictopia23
307,Socks,Black,chictopia23
307,Glasses,Black,chictopia23
307,Necklace,Aquamarine,chictopia23
307,Boots,White,chictopia23
307,Sunglasses,Bubble Gum,chictopia23
307,Sneakers,Brick Red,chictopia23
307,Bag,Ivory,chictopia23
307,Glasses,Black,chictopia23
307,Bag,Brown,chictopia23
307,Top,Gray,chictopia23
307,Tights,Mustard,chictopia23
307,Top,Peach,chictopia23
307,Shoes,Blue,chictopia23
308,Earrings,Gold,chictopia23
308,Top,Hot Pink,chictopia23
309,Dress,Carrot Orange,chictopia23
309,Scarf,Off White,chictopia23
309,Top,Eggshell,chictopia23
309,Boots,Black,chictopia23
309,Skirt,Ivory,chictopia23
309,Earrings,Blue,chictopia23
309,Socks,Maroon,chictopia23
309,Top,Silver,chictopia23
309,Boots,Hot Pink,chictopia23
309,Necklace,Blue,chictopia23
309,Glasses,Black,chictopia23
309,Dress,Black,chictopia23
309,Boots,White,chictopia23
309,Dress,Yellow,chictopia23
309,Sneakers,Yellow,chictopia23
309,Boots,Black,chictopia23
310,Skirt,Black,chictopia23
310,Cardigan,Brick Red,chictopia23
310,Socks,Ruby Red,chictopia23
310,Clogs,Olive Green,chictopia23
310,Socks,Blue,chictopia23
310,Hat,Coral,chictopia23
311,Shorts,Sky Blue,chictopia23
311,Bag,Brown,chictopia23
312,Leggings,Black,chictopia23
313,Sunglasses,Hot Pink,chictopia23
314,Top,White,chictopia23
314,Cardigan,Carrot Orange,chictopia23
314,Dress,Black,chictopia23
314,Boots,Black,chictopia23
314,Skirt,Ivory,chictopia23
314,Earrings,Silver,chictopia23
314,Boots,Black,chictopia23
314,Boots,Black,chictopia23
314,Jacket,Pink,chictopia23
314,Jeans,Purple,chictopia23
314,Socks,Purple,chictopia23
314,Boots,Brown,chictopia23
314,Shirt,Blue,chictopia23
314,Necklace,Black,chictopia23
315,Boots,Brick Red,chictopia23
315,Tights,Silver,chictopia23
315,Bag,Carrot Orange,chictopia23
315,Dress,Multicoloured,chictopia23
316,Dress,Navy,chictopia23
316,Top,Black,chictopia23
316,Dress,Carrot Orange,chictopia23
316,Dress,Bubble Gum,chictopia23
317,Dress,Light Blue,chictopia23
317,Glasses,Black,chictopia23
317,Top,Off White,chictopia23
318,Leggings,Black,chictopia23
318,Boots,Black,chictopia23
318,Dress,Blue,chictopia23
318,Dress,Black,chictopia23
319,Boots,Hot Pink,chictopia23
319,Jeans,Purple,chictopia23
319,Hat,Black,chictopia23
319,Boots,Black,chictopia23
319,Top,White,chictopia23
319,Purse,Black,chictopia23
319,Socks,Silver,chictopia23
319,Scarf,Salmon,chictopia23
319,Dress,Hot Pink,chictopia23
319,Blouse,White,chictopia23
319,Skirt,Black,chictopia23
320,Socks,White,chictopia23
320,Top,Silver,chictopia23
320,Leggings,Black,chictopia23
320,Boots,Hot Pink,chictopia23
321,Dress,Dark Green,chictopia23
321,Flats,Eggshell,chictopia23
321,Top,Black,chictopia23
321,Shoes,Dark Gray,chictopia23
322,Tights,Navy,chictopia23
322,Shoes,Blue,chictopia23
322,Shorts,Gold,chictopia23
323,Necklace,Pink,chictopia23
324,Dress,Navy,chictopia23
324,Vest,Red,chictopia23
325,Cardigan,Navy,chictopia23
325,Top,Black,chictopia23
325,Cardigan,Blue,chictopia23
325,Socks,Pink,chictopia23
325,Sneakers,,chictopia23
325,Skirt,Black,chictopia23
325,Scarf,Ivory,chictopia23
325,Blouse,Green,chictopia23
325,Necklace,,chictopia23
325,Hat,Red,chictopia23
325,Dress,Red,chictopia23
325,Dress,Light Blue,chictopia23
325,Pants,Beige,chictopia23
325,Leggings,Navy,chictopia23
325,Dress,Blue,chictopia23
326,Bag,Brown,chictopia23
326,Bag,Aquamarine,chictopia23
326,Top,Silver,chictopia23
326,Pants,Light Brown,chictopia23
326,Tights,Mustard,chictopia23
327,Skirt,Black,chictopia23
327,Swimwear,Forest Green,chictopia23
328,Earrings,Hot Pink,chictopia23
328,Socks,Eggshell,chictopia23
328,Bag,Blue,chictopia23
329,Shorts,Magenta,chictopia23
329,Earrings,Blue,chictopia23
329,Top,Ivory,chictopia23
329,Tights,Silver,chictopia23
329,Tights,Salmon,chictopia23
329,Boots,Black,chictopia23
329,Necklace,Hot Pink,chictopia23
329,Leggings,Maroon,chictopia23
329,Top,Periwinkle,chictopia23
329,Romper,Blue,chictopia23
330,Necklace,Carrot Orange,chictopia23
330,Top,White,chictopia23
330,Shorts,Gray,chictopia23
330,Necklace,Gold,chictopia23
330,Tights,Black,chictopia23
330,Necklace,Gold,chictopia23
331,Dress,Blue,chictopia23
331,Tights,Silver,chictopia23
332,Sandals,Black,chictopia23
332,Bag,Brown,chictopia23
332,Top,Beige,chictopia23
333,Dress,Blue,chictopia23
333,Boots,White,chictopia23
333,Boots,Hot Pink,chictopia23
333,Clogs,Olive Green,chictopia23
333,Top,Blue,chictopia23
333,Dress,Heather Gray,chictopia23
333,Bag,Cat Face Purse,chictopia23
333,Jacket,Blue,chictopia23
333,Scarf,Off White,chictopia23
333,Skirt,Front Tie,chictopia23
333,Necklace,Bubble Gum,chictopia23
333,Leggings,Navy,chictopia23
333,Shorts,Silver,chictopia23
334,Top,White,chictopia23
334,Tights,Maroon,chictopia23
334,Top,Silver,chictopia23
334,Bag,Purple,chictopia23
334,Bag,Black,chictopia23
335,Vest,Red,chictopia23
335,Shorts,Chartreuse,chictopia23
335,Sweater,Off White,chictopia23
335,Dress,Navy,chictopia23
335,Shoes,Blue,chictopia23
335,Necklace,Aquamarine,chictopia23
335,Skirt,Navy,chictopia23
335,Boots,Dark Gray,chictopia23
335,Leggings,Blue Shimmer,chictopia23
335,Cardigan,Silver,chictopia23
335,Bag,Blue,chictopia23
335,Boots,Light Brown,chictopia23
336,Boots,Dark Gray,chictopia23
336,Leggings,Deep Purple,chictopia23
336,Glasses,Black,chictopia23
336,Shoes,Off White,chictopia23
336,Bag,Charcoal Gray,chictopia23
336,Sneakers,Yellow,chictopia23
336,Heels,Black,chictopia23
336,Jeans,Blue,chictopia23
336,Bag,Brown,chictopia23
336,Shoes,Mary Jeans,chictopia23
336,Skirt,Light Pink,chictopia23
336,Glasses,Black,chictopia23
336,Socks,Gold,chictopia23
336,Dress,Heather Gray,chictopia23
336,Hat,Black,chictopia23
337,Top,Silver,chictopia23
338,Romper,Sky Blue,chictopia23
338,Cardigan,Black,chictopia23
338,Dress,Black,chictopia23
338,Glasses,Black,chictopia23
338,Pants,Heather Gray,chictopia23
339,Skirt,Coral,chictopia23
339,Cardigan,Yellow,chictopia23
339,Skirt,Shimmer,chictopia23
339,Skirt,Navy,chictopia23
339,Socks,Green,chictopia23
339,Earrings,Blue,chictopia23
339,Jacket,Black,chictopia23
340,Skirt,Gray,chictopia23
340,Skirt,Pink,chictopia23
340,Dress,Chiffon,chictopia23
340,Dress,Forest Green,chictopia23
340,Dress,Black,chictopia23
340,Necklace,Ruby Red,chictopia23
340,Clogs,Dark Khakhi,chictopia23
340,Dress,Red,chictopia23
340,Dress,Navy,chictopia23
340,Socks,Black,chictopia23
340,Dress,Red,chictopia23
340,Top,Hot Pink,chictopia23
340,Dress,Navy,chictopia23
340,Necklace,Gold,chictopia23
340,Socks,Light Pink,chictopia23
340,Boots,Black,chictopia23
340,Glasses,Black,chictopia23
340,Dress,Dark Green,chictopia23
340,Skirt,Eggshell,chictopia23
340,Jacket,Silver,chictopia23
340,Jacket,Silver,chictopia23
340,Boots,Hot Pink,chictopia23
340,Boots,White,chictopia23
340,Skirt,Violet,chictopia23
340,Glasses,Black,chictopia23
340,Top,Teal,chictopia23
340,Boots,Brown,chictopia23
341,Tights,Light Purple,chictopia23
341,Necklace,White,chictopia23
341,Sneakers,Yellow,chictopia23
341,Glasses,Black,chictopia23
341,Necklace,Carrot Orange,chictopia23
341,Sweater,Chartreuse,chictopia23
341,Socks,Black,chictopia23
342,Dress,Deep Purple,chictopia23
342,Necklace,White,chictopia23
342,Dress,Purple,chictopia23
342,Boots,White,chictopia23
342,Intimate,Crimson,chictopia23
342,Scarf,Eggshell,chictopia23
342,Dress,Red,chictopia23
342,Hat,Coral,chictopia23
342,Cardigan,Black,chictopia23
343,T-shirt,Black,chictopia23
343,Leggings,Yellow,chictopia23
343,Cardigan,Blue,chictopia23
343,Necklace,Gold,chictopia23
343,Top,Aquamarine,chictopia23
343,Leggings,Black,chictopia23
343,Dress,Carrot Orange,chictopia23
344,Leggings,Teal,chictopia23
345,Skirt,Blue,chictopia23
345,Pants,Tan,chictopia23
345,Heels,Bronze,chictopia23
345,Dress,Black,chictopia23
345,Dress,Black,chictopia23
345,Sweater,Heather Gray,chictopia23
345,Bag,Blue,chictopia23
345,Necklace,Crimson,chictopia23
345,Necklace,Blue,chictopia23
345,Swimwear,Pink,chictopia23
345,Scarf,Ivory,chictopia23
345,Shirt,Pink,chictopia23
345,Shorts,Sky Blue,chictopia23
345,Shorts,Black,chictopia23
345,Pants,Black,chictopia23
346,Bag,Ruby Red,chictopia23
346,Blouse,Green,chictopia23
346,Sneakers,Yellow,chictopia23
347,Necklace,Gold,chictopia23
348,Scarf,Coral,chictopia23
348,Hat,Ruby Red,chictopia23
349,Shirt,Pink,chictopia23
349,Hat,Red,chictopia23
349,Shorts,Blue,chictopia23
349,Dress,Black,chictopia23
349,Dress,Aquamarine,chictopia23
350,Leggings,Peppermint,chictopia23
350,Bag,Black,chictopia23
351,Necklace,Aquamarine,chictopia23
351,Necklace,Tawny,chictopia23
351,Clogs,Olive Green,chictopia23
351,Boots,White,chictopia23
351,Boots,Purple,chictopia23
351,Sneakers,Ruby Red,chictopia23
351,T-shirt,Blue,chictopia23
352,Boots,White,chictopia23
352,Bag,Charcoal Gray,chictopia23
352,Jeans,Bronze,chictopia23
352,Necklace,White,chictopia23
352,Socks,Blue,chictopia23
352,Top,Heather Gray,chictopia23
352,Dress,Stripper Off-shoulder,chictopia23
352,Sweater,Off White,chictopia23
353,Sunglasses,Silver,chictopia23
353,Bag,Green,chictopia23
353,Bag,Brown,chictopia23
354,Top,Gray,chictopia23
354,Skirt,Teal,chictopia23
354,Ring,Gold,chictopia23
354,Shirt,Black,chictopia23
354,Socks,Dark Gray,chictopia23
354,Dress,Navy,chictopia23
355,Sneakers,Blue,chictopia23
355,Socks,Dark Gray,chictopia23
355,Wedges,Peach,chictopia23
355,Dress,Black,chictopia23
355,Top,Lime Green,chictopia23
355,Cardigan,Gray,chictopia23
356,Necklace,Dark Green,chictopia23
356,Shorts,Silver,chictopia23
356,Shoes,Brown,chictopia23
356,Cardigan,Coral,chictopia23
356,Dress,Blue,chictopia23
356,Socks,Black,chictopia23
356,Bag,Heather Gray,chictopia23
357,Cardigan,Carrot Orange,chictopia23
357,Hat,Gray,chictopia23
357,Bag,Deep Purple,chictopia23
357,Cardigan,,chictopia23
357,Skirt,Black,chictopia23
357,Glasses,Black,chictopia23
357,Boots,White,chictopia23
358,Boots,Brown,chictopia23
358,Necklace,Green,chictopia23
358,Leggings,Green,chictopia23
358,Jumper,Black,chictopia23
358,Shorts,Chiffon,chictopia23
358,Boots,Hot Pink,chictopia23
359,Cardigan,Carrot Orange,chictopia23
359,Top,White,chictopia23
359,Boots,Black,chictopia23
360,Cardigan,Knit,chictopia23
360,Tights,Blue,chictopia23
360,Cardigan,Burnt Orange,chictopia23
360,Flats,Eggshell,chictopia23
360,Sneakers,Yellow,chictopia23
361,Necklace,Rustic Gold,chictopia23
361,Necklace,Black,chictopia23
361,Boots,Hot Pink,chictopia23
361,Necklace,,chictopia23
361,Scarf,Black,chictopia23
362,Boots,Black,chictopia23
362,Necklace,Dark Gray,chictopia23
362,Tights,Black,chictopia23
363,Skirt,Ivory,chictopia23
364,Dress,Black,chictopia23
365,Top,Ivory,chictopia23
365,Necklace,Dark Gray,chictopia23
366,Top,Ivory,chictopia23
366,Leggings,Blue,chictopia23
367,Glasses,Black,chictopia23
367,Necklace,Hot Pink,chictopia23
367,Tights,Light Purple,chictopia23
367,Socks,White,chictopia23
367,Glasses,Black,chictopia23
367,Skirt,Black,chictopia23
367,Tights,Black,chictopia23
367,Socks,Silver,chictopia23
367,Heels,Navy,chictopia23
368,Dress,White,chictopia23
369,Socks,Hot Pink,chictopia23
369,Cardigan,Lace,chictopia23
369,Necklace,White,chictopia23
370,Top,Blue,chictopia23
370,Bag,Gray,chictopia23
370,Boots,Black,chictopia23
370,Leggings,Heather Gray,chictopia23
370,Boots,Brown,chictopia23
370,Sunglasses,Salmon,chictopia23
370,Dress,Sky Blue,chictopia23
370,Socks,Carol,chictopia23
370,Boots,Black,chictopia23
370,Shoes,Gray,chictopia23
370,Skirt,Black,chictopia23
370,Dress,Black,chictopia23
370,Boots,White,chictopia23
371,Sneakers,Blue,chictopia23
372,Socks,Deep Purple,chictopia23
372,Boots,White,chictopia23
372,Boots,Black,chictopia23
373,Jacket,Gray,chictopia23
374,Dress,Navy,chictopia23
374,Jeans,Purple,chictopia23
374,Skirt,Chiffon,chictopia23
374,Top,White,chictopia23
374,Socks,Ruby Red,chictopia23
375,Sneakers,Ruby Red,chictopia23
376,Shoes,Off White,chictopia23
377,Skirt,Light Brown,chictopia23
377,Blouse,White,chictopia23
377,Top,Off White,chictopia23
377,Bag,Amethyst,chictopia23
377,Glasses,Gray,chictopia23
377,Bag,Dark Gray,chictopia23
377,Tights,Silver,chictopia23
377,Boots,White,chictopia23
377,Boots,Maroon,chictopia23
377,Top,Peach,chictopia23
377,Boots,White,chictopia23
377,Bag,Handmade,chictopia23
377,Shoes,Flats,chictopia23
378,Boots,White,chictopia23
379,Heels,Black,chictopia19
380,Loafer,Black,chictopia19
380,Heels,Black,chictopia19
381,Top,Navy,chictopia19
381,Romper,Black,chictopia19
381,Bag,Black,chictopia19
381,Bag,White,chictopia19
381,Top,Black,chictopia19
381,Sweater,Fusion,chictopia19
381,Heels,Silver,chictopia19
381,Sweater,Charcoal Gray,chictopia19
381,Bag,Navy,chictopia19
381,Bag,Dark Green,chictopia19
381,Heels,Brown,chictopia19
381,Boots,Dark Brown,chictopia19
381,Skirt,White,chictopia19
382,Bag,Dark Green,chictopia19
383,Jacket,Gap,chictopia19
384,Romper,Yellow,chictopia19
384,Bag,White,chictopia19
384,Shorts,Tan,chictopia19
385,Boots,Black,chictopia19
385,Bag,Brown,chictopia19
385,Hat,Black,chictopia19
385,Cape,Topshop,chictopia19
386,Boots,White,chictopia19
387,Loafer,Brown,chictopia18
388,Sandals,Black,chictopia18
388,Shoes,Black,chictopia18
388,Belt,Black,chictopia18
388,Purse,Black,chictopia18
388,Dress,Black,chictopia18
388,Dress,Carrot Orange,chictopia18
388,Hat,Black,chictopia18
388,Loafer,Brown,chictopia18
388,Skirt,Lime Green,chictopia18
388,Purse,Dark Brown,chictopia18
389,Tights,Navy,chictopia18
389,Purse,Mustard,chictopia18
390,Hat,Carrot Orange,chictopia18
391,Tights,Navy,chictopia18
391,Skirt,Black,chictopia18
392,Loafer,Brown,chictopia18
392,Hat,Dark Brown,chictopia18
393,Purse,Brown,chictopia18
393,Earrings,Green,chictopia18
393,T-shirt,Eggshell,chictopia18
393,Dress,Navy,chictopia18
393,Jacket,Sky Blue,chictopia18
393,Shoes,Black,chictopia18
393,Hat,Neutral,chictopia18
393,Shirt,Dark Green,chictopia18
393,Hat,Black,chictopia18
393,Loafer,Brown,chictopia18
393,Boots,Heather Gray,chictopia18
393,Necklace,,chictopia18
393,Skirt,Bubble Gum,chictopia18
393,Shoes,Black,chictopia18
393,Skirt,Maroon,chictopia18
394,Skirt,Crimson,chictopia18
394,Dress,Green,chictopia18
394,Pants,Light Blue,chictopia18
395,Pants,Amethyst,chictopia18
395,Purse,Bronze,chictopia18
395,Socks,Peach,chictopia18
395,Sandals,Brown,chictopia18
395,Shoes,Black,chictopia18
395,T-shirt,Ivory,chictopia18
395,Coat,Ruby Red,chictopia18
395,Top,Off White,chictopia18
395,Dress,Black,chictopia18
395,Shirt,Black,chictopia18
395,Loafer,Brown,chictopia18
395,Skirt,Navy,chictopia18
395,Cardigan,Black,chictopia18
396,Shirt,Light Pink,chictopia18
396,Skirt,Navy,chictopia18
396,Jeans,Navy,chictopia18
396,Sandals,Dark Gray,chictopia18
396,Loafer,Brown,chictopia18
396,Bag,White,chictopia18
397,Hat,Eggshell,chictopia18
397,Dress,Black,chictopia18
397,Hat,Neutral,chictopia18
397,Hat,Maroon,chictopia18
397,Skirt,Brick Red,chictopia18
397,Cardigan,Eggshell,chictopia18
397,Leggings,Black,chictopia18
397,Cardigan,Navy,chictopia18
397,Hat,Black,chictopia18
398,Shorts,Sky Blue,chictopia18
398,Earrings,Silver,chictopia18
399,Bag,Navy,chictopia18
399,Shirt,Navy,chictopia18
399,Bag,Ivory,chictopia18
399,Shorts,Brown,chictopia18
399,Purse,Burnt Orange,chictopia18
399,Boots,Nude,chictopia18
399,Skirt,Navy,chictopia18
399,Socks,Neutral,chictopia18
399,Shoes,Black,chictopia18
399,Dress,White,chictopia18
399,Purse,Black,chictopia18
399,Purse,Mustard,chictopia18
399,Purse,Dark Brown,chictopia18
399,Jacket,Sky Blue,chictopia18
399,Purse,Light Blue,chictopia18
399,Sunglasses,Salmon,chictopia18
399,Skirt,Peach,chictopia18
399,Pants,Maroon,chictopia18
399,Socks,Brick Red,chictopia18
399,Hat,Black,chictopia18
399,Shoes,Black,chictopia18
399,Top,Ivory,chictopia18
399,Sandals,Dark Gray,chictopia18
399,Necklace,Red,chictopia18
399,Socks,Off White,chictopia18
400,Boots,Brown,chictopia18
400,Sneakers,Black,chictopia18
400,Socks,Black,chictopia18
401,Loafer,Dark Brown,chictopia18
401,Hat,Carrot Orange,chictopia18
401,Dress,White,chictopia18
401,Purse,Black,chictopia18
401,Bag,Aquamarine,chictopia18
401,Boots,Heather Gray,chictopia18
401,Tights,Brick Red,chictopia18
401,Top,White,chictopia18
401,Shirt,Ivory,chictopia18
401,Top,Off White,chictopia18
401,Top,Tan,chictopia18
401,Shoes,Bubble Gum,chictopia18
402,Hat,Crimson,chictopia18
403,Top,White,chictopia18
403,Skirt,Black,chictopia18
403,Loafer,Brown,chictopia18
403,Purse,Dark Brown,chictopia18
403,Skirt,Ruby Red,chictopia18
403,Necklace,White,chictopia18
403,Shirt,Off White,chictopia18
403,Pants,Coral,chictopia18
403,Cardigan,Coral,chictopia18
404,Purse,Black,chictopia18
404,Hat,Nude,chictopia18
404,Dress,Black,chictopia18
404,Bag,Off White,chictopia18
404,Top,White,chictopia18
404,Necklace,Olive Green,chictopia18
404,Shirt,Mustard,chictopia18
404,Purse,Mustard,chictopia18
405,Loafer,Dark Brown,chictopia18
405,Dress,Neutral,chictopia18
405,Shoes,Pink,chictopia18
405,Dress,Gold,chictopia18
406,Cardigan,Light Orange,chictopia18
406,Bag,Dark Brown,chictopia18
406,Socks,White,chictopia18
406,Jacket,Red,chictopia18
406,Blouse,Ivory,chictopia18
406,Sandals,Black,chictopia18
406,Jumper,Light Pink,chictopia18
406,Bag,Black,chictopia18
406,Purse,Mustard,chictopia18
406,Purse,Camel,chictopia18
406,Shirt,Amethyst,chictopia18
406,Loafer,Dark Brown,chictopia18
406,Dress,Pink,chictopia18
406,Shirt,Off White,chictopia18
407,Shirt,Beige,chictopia18
408,Shirt,White,chictopia18
408,Necklace,Red,chictopia18
